<?xml version="1.0" encoding="utf-8"?>
<Defs>

    <HediffDef Name="TraitBuffBase" Abstract="True">
        <hediffClass>HediffWithComps</hediffClass>
        <defaultLabelColor>(1,0,0.5)</defaultLabelColor>
        <initialSeverity>1</initialSeverity>
    </HediffDef>

    <HediffDef ParentName="TraitBuffBase">
        <defName>MT_ConductorIsNear</defName>
        <hediffClass>HediffWithComps</hediffClass>
        <label>A Conductor is Near</label>
        <labelNoun>A nearby Conductor</labelNoun>
        <scenarioCanAdd>true</scenarioCanAdd>
        <isBad>false</isBad>
        <comps>
        <li Class="HediffCompProperties_Disappears">
            <disappearsAfterTicks>
                <min>200</min>
                <max>200</max>
            </disappearsAfterTicks>
        </li>
        </comps>
        <stages>
            <li>
                <statOffsets>
                    <MoveSpeed>0.3</MoveSpeed>
                </statOffsets>
            </li>
        </stages>
    </HediffDef>

    <HediffDef ParentName="TraitBuffBase">
        <defName>MT_CommanderIsNear</defName>
        <hediffClass>HediffWithComps</hediffClass>
        <label>A Commander is Near</label>
        <labelNoun>A nearby Commander</labelNoun>
        <scenarioCanAdd>true</scenarioCanAdd>
        <isBad>false</isBad>
        <comps>
        <li Class="HediffCompProperties_Disappears">
            <disappearsAfterTicks>
                <min>200</min>
                <max>200</max>
            </disappearsAfterTicks>
        </li>
        </comps>
        <stages>
            <li>
                <statOffsets>
                    <ShootingAccuracyPawn>3</ShootingAccuracyPawn>
                </statOffsets>
            </li>
        </stages>
    </HediffDef>

    <HediffDef ParentName="TraitBuffBase">
        <defName>MT_TyrantIsNear</defName>
        <hediffClass>HediffWithComps</hediffClass>
        <label>A Tyrannic Leader is Near</label>
        <labelNoun>A nearby Tyrant</labelNoun>
        <scenarioCanAdd>true</scenarioCanAdd>
        <comps>
        <li Class="HediffCompProperties_Disappears">
            <disappearsAfterTicks>
                <min>200</min>
                <max>200</max>
            </disappearsAfterTicks>
        </li>
        </comps>
        <stages>
            <li>
                <statOffsets>
                    <MoveSpeed>0.3</MoveSpeed>
                    <WorkSpeedGlobal>0.20</WorkSpeedGlobal>
                </statOffsets>
            </li>
        </stages>
    </HediffDef>

<!-- LUMINARY HEDIFFS-->

</Defs>